model,method,precision,recall,f1,auc
Model C (Hybrid),Random Forest,0.931540658765249,0.9410469383813019,0.9362696690339481,0.9865603521407417
